{
    "data":{
        "index":{
            "itemSize":1,
            "type":"Uint16Array",
            "array":[0,1,2,3,1,4,0,2,5,6,7,8,9,10,7,11,4,12,11,13,14,15,3,4,16,10,17,18,19,20,21,22,23,24,25,26,27,28,29,30,31,32,33,34,35,36,37,24,32,38,33,39,40,41,42,43,44,45,46,42,47,48,49,50,51,52,44,53,54,55,56,57,58,59,60,61,62,63,60,64,55,65,66,67,68,69,70,71,72,73,73,72,74,75,76,71,77,78,79,77,80,81,82,83,84,85,86,87,73,74,88,81,80,89,0,4,1,6,9,7,9,17,10,90,91,92,11,12,13,18,93,19,21,94,22,24,37,25,27,95,28,30,96,31,33,38,34,36,97,37,32,31,38,98,99,100,42,46,43,45,101,46,47,102,48,50,103,51,44,43,53,55,64,56,58,104,59,61,105,62,60,59,64,65,106,66,68,107,69,71,76,72,77,108,78,77,79,80,85,87,73,85,109,86]
        },
        "attributes":{
            "position":{
                "itemSize":3,
                "type":"Float32Array",
                "array":[16.5358,16.7191,-12.4907,16.5358,17.2826,-19.7391,16.5358,17.2826,-12.4907,16.5358,17.2826,-20.3026,16.5358,16.7191,-19.7391,16.5358,17.2826,-11.9272,16.5358,0.025064,-12.4907,16.5358,0.588552,-11.9272,16.5358,0.025064,-11.9272,16.5358,0.588552,-12.4907,16.5358,16.7191,-11.9272,16.5358,0.588551,-20.3026,16.5358,0.588552,-19.7391,16.5358,0.0250637,-19.7391,16.5358,0.0250637,-20.3026,16.5358,16.7191,-20.3026,16.5358,17.2826,-11.9272,16.5358,16.7191,-12.4907,16.5358,16.7191,-12.4907,16.6536,17.2826,-11.9272,16.5358,17.2826,-11.9272,16.5358,17.2826,-20.3026,16.6536,16.7191,-19.7391,16.5358,16.7191,-19.7391,16.5358,0.588552,-19.7391,16.6536,0.0250637,-19.7391,16.5358,0.0250637,-19.7391,16.5358,0.0250637,-19.7391,16.6536,0.0250637,-20.3026,16.5358,0.0250637,-20.3026,16.5358,0.0250637,-20.3026,16.6536,0.588551,-20.3026,16.5358,0.588551,-20.3026,16.5358,16.7191,-20.3026,16.6536,17.2826,-20.3026,16.5358,17.2826,-20.3026,16.5358,16.7191,-19.7391,16.6536,0.588552,-19.7391,16.6536,16.7191,-20.3026,16.5358,0.588552,-12.4907,16.6536,16.7191,-12.4907,16.5358,16.7191,-12.4907,16.5358,16.7191,-11.9272,16.6536,0.588552,-11.9272,16.5358,0.588552,-11.9272,16.5358,17.2826,-11.9272,16.6536,16.7191,-11.9272,16.5358,0.025064,-12.4907,16.6536,0.588552,-12.4907,16.5358,0.588552,-12.4907,16.5358,0.025064,-11.9272,16.6536,0.0250641,-12.4907,16.5358,0.025064,-12.4907,16.6536,0.0250641,-11.9272,16.5358,0.025064,-11.9272,16.5358,17.2826,-12.4907,16.6536,17.2826,-11.9272,16.5358,17.2826,-11.9272,16.5358,17.2826,-20.3026,16.6536,17.2826,-19.7391,16.5358,17.2826,-19.7391,16.5358,16.7191,-12.4907,16.6536,16.7191,-19.7391,16.5358,16.7191,-19.7391,16.6536,17.2826,-12.4907,16.5358,17.2826,-11.9272,16.6536,16.7191,-12.4907,16.5358,16.7191,-12.4907,16.5358,16.7191,-19.7391,16.6536,17.2826,-20.3026,16.5358,17.2826,-20.3026,16.6536,16.7191,-12.4907,16.6536,17.2826,-19.7391,16.6536,16.7191,-19.7391,16.6536,17.2826,-20.3026,16.6536,17.2826,-11.9272,16.6536,17.2826,-12.4907,16.6536,0.588552,-12.4907,16.6536,0.0250641,-11.9272,16.6536,0.588552,-11.9272,16.6536,16.7191,-11.9272,16.6536,16.7191,-12.4907,16.6536,0.588551,-20.3026,16.6536,16.7191,-19.7391,16.6536,16.7191,-20.3026,16.6536,0.588551,-20.3026,16.6536,0.0250637,-19.7391,16.6536,0.588552,-19.7391,16.6536,16.7191,-20.3026,16.6536,17.2826,-11.9272,16.5358,0.588551,-20.3026,16.5358,16.7191,-20.3026,16.5358,16.7191,-19.7391,16.6536,16.7191,-12.4907,16.6536,17.2826,-20.3026,16.6536,0.0250637,-19.7391,16.6536,0.0250637,-20.3026,16.6536,16.7191,-19.7391,16.5358,0.588552,-12.4907,16.6536,0.588552,-12.4907,16.6536,16.7191,-12.4907,16.6536,17.2826,-11.9272,16.6536,0.0250641,-12.4907,16.6536,0.0250641,-11.9272,16.6536,17.2826,-20.3026,16.6536,16.7191,-12.4907,16.6536,17.2826,-11.9272,16.6536,16.7191,-19.7391,16.6536,0.0250641,-12.4907,16.6536,0.0250637,-20.3026]
            },
            "normal":{
                "itemSize":3,
                "type":"Float32Array",
                "array":[1,0,0,1,0,0,1,0,0,1,-0,0,1,-0,0,1,0,0,1,-0,0,1,-0,0,1,-0,0,1,-0,0,1,-0,0,1,-0,0,1,-0,0,1,-0,0,1,-0,0,1,0,0,1,0,0,1,0,0,0,-0.707107,0.707107,0,-0.707107,0.707107,0,-0.707107,0.707107,0,-0.707107,-0.707107,0,-0.707107,-0.707107,0,-0.707107,-0.707107,0,0,-1,0,0,-1,0,0,-1,-2.52955e-07,1,-5.2889e-08,-2.52955e-07,1,-5.2889e-08,-2.52955e-07,1,-5.2889e-08,-0,0,1,-0,0,1,-0,0,1,-0,0,1,-0,0,1,-0,0,1,0,0,-1,0,0,-1,-0,0,1,-0,5.91222e-08,1,-0,5.91222e-08,1,-0,5.91222e-08,1,0,0,-1,0,0,-1,0,0,-1,0,0,-1,0,0,-1,-0,0,1,-0,0,1,-0,0,1,-2.52955e-07,1,0,-2.52955e-07,1,0,-2.52955e-07,1,0,0,0,-1,0,0,-1,0,-1,-0,0,-1,-0,0,-1,-0,0,-1,-0,0,-1,-0,0,-1,-0,0,1,-0,0,1,-0,0,1,-0,0,-1,-0,0,0.707107,-0.707107,0,0.707107,-0.707107,0,0.707107,-0.707107,-0,0.707107,0.707107,-0,0.707107,0.707107,-0,0.707107,0.707107,-1,0,0,-1,0,0,-1,0,0,-1,0,0,-1,0,0,-1,0,0,-1,-0,-0,-1,-0,-0,-1,-0,-0,-1,-0,0,-1,-0,0,-1,-0,0,-1,-0,0,-1,-0,0,-1,-0,-0,-1,-0,-0,-1,-0,-0,-1,0,0,-1,-0,-0,1,0,0,1,0,0,1,0,0,0,-0.707107,0.707107,-0,-0.707107,-0.707107,-2.52955e-07,1,-5.2889e-08,0,0,1,0,0,-1,-2.99105e-14,5.91222e-08,1,-2.99105e-14,5.91222e-08,1,-2.99105e-14,5.91222e-08,1,0,0,-1,0,0,1,-2.52955e-07,1,0,-0,-1,-0,0,1,-0,0,0.707107,-0.707107,0,0.707107,0.707107,-1,0,0,-1,0,-0]
            }
        }
    },
    "metadata":{
        "position":110,
        "normal":110,
        "version":3,
        "type":"BufferGeometry",
        "generator":"io_three"
    }
}