{
    "vertices":[16.5358,17.2826,-20.3026,16.5358,17.2826,-19.7391,16.5358,16.7191,-19.7391,16.5358,16.7191,-12.4907,16.5358,17.2826,-11.9272,16.5358,17.2826,-12.4907,16.5358,0.025064,-12.4907,16.5358,0.025064,-11.9272,16.5358,0.588552,-11.9272,16.5358,0.588552,-12.4907,16.5358,17.2826,-11.9272,16.5358,16.7191,-11.9272,16.5358,16.7191,-12.4907,16.5358,16.7191,-20.3026,16.5358,16.7191,-19.7391,16.5358,17.2826,-20.3026,16.5358,0.588551,-20.3026,16.5358,0.588552,-19.7391,16.5358,0.0250637,-19.7391,16.5358,0.0250637,-20.3026,16.6536,0.0250637,-20.3026,16.6536,0.0250637,-19.7391,16.6536,0.588552,-19.7391,16.6536,0.588551,-20.3026,16.6536,17.2826,-20.3026,16.6536,16.7191,-19.7391,16.6536,16.7191,-20.3026,16.6536,16.7191,-12.4907,16.6536,16.7191,-11.9272,16.6536,17.2826,-11.9272,16.6536,0.588552,-12.4907,16.6536,0.588552,-11.9272,16.6536,0.0250641,-11.9272,16.6536,0.0250641,-12.4907,16.6536,17.2826,-12.4907,16.6536,17.2826,-11.9272,16.6536,16.7191,-12.4907,16.6536,16.7191,-19.7391,16.6536,17.2826,-19.7391,16.6536,17.2826,-20.3026],
    "faces":[33,5,3,2,1,0,0,0,0,32,0,1,2,1,1,1,32,3,5,4,2,2,2,33,6,9,8,7,2,2,2,2,33,8,9,12,11,2,2,2,2,33,17,16,13,14,3,3,3,3,33,19,16,17,18,2,2,2,2,32,13,15,14,2,2,2,32,10,11,12,2,2,2,33,10,12,27,29,4,4,4,4,33,14,15,24,25,5,5,5,5,33,18,17,22,21,6,6,6,6,33,19,18,21,20,7,7,7,7,33,16,19,20,23,8,8,8,8,33,15,13,26,24,8,8,8,8,33,17,14,25,22,6,6,6,6,33,13,16,23,26,8,8,8,8,33,12,9,30,27,9,9,9,9,33,8,11,28,31,6,6,6,6,33,11,10,29,28,6,6,6,6,33,9,6,33,30,8,8,8,8,33,6,7,32,33,10,10,10,10,33,7,8,31,32,6,6,6,6,33,4,5,34,35,11,11,11,11,33,1,0,39,38,11,11,11,11,33,2,3,36,37,12,12,12,12,33,5,1,38,34,11,11,11,11,33,3,4,35,36,13,13,13,13,33,0,2,37,39,14,14,14,14,33,37,36,34,38,15,15,15,15,32,37,38,39,16,16,16,32,35,34,36,16,16,16,33,31,30,33,32,16,16,16,16,33,27,30,31,28,17,17,17,17,33,26,23,22,25,18,18,18,18,33,22,23,20,21,16,16,16,16,32,25,24,26,16,16,16,32,27,28,29,19,19,19],
    "uvs":[],
    "metadata":{
        "uvs":0,
        "version":3,
        "generator":"io_three",
        "vertices":40,
        "normals":20,
        "type":"Geometry",
        "faces":38
    },
    "normals":[1,0,-0,1,-0,0,1,0,0,1,0,0,0,-0.707107,0.707107,0,-0.707107,-0.707107,-0,0,-1,-2.52955e-07,1,-5.2889e-08,0,0,1,0,5.91222e-08,1,-2.52955e-07,1,0,-0,-1,0,0,1,0,0,0.707107,-0.707107,0,0.707107,0.707107,-1,-0,0,-1,0,0,-1,0,-0,-1,0,-0,-1,-0,-0]
}