{
  "metadata": {
    "version": 4,
    "type": "geometry"
  },
  "vertices": [
    2.78,
    0,
    -8.67,
    6.12
  ],
  "uvs": [
    [
      0.007544,
      0.336649,
      0.749592,
      0.170358
    ]
  ],
  "faces": [
    24,
    0,
    12,
    15,
    12,
    12,
    12,
    12,
    13
  ],
  "normals": []
}